mode,load_pf_per_pin,io_voltage_v,data_dynamic_mw,dco_dynamic_mw,total_dynamic_mw
serial_2lane_24bit,2,1.8,0.19440000000000002,0.38880000000000003,0.5832
parallel_16bit,2,1.8,0.1296,0.0324,0.16199999999999998
serial_2lane_24bit,2,3.3,0.6534,1.3068,1.9602
parallel_16bit,2,3.3,0.4356,0.1089,0.5445
serial_2lane_24bit,5,1.8,0.486,0.972,1.458
parallel_16bit,5,1.8,0.324,0.081,0.405
serial_2lane_24bit,5,3.3,1.6334999999999997,3.2669999999999995,4.900499999999999
parallel_16bit,5,3.3,1.089,0.27225,1.36125
serial_2lane_24bit,10,1.8,0.972,1.944,2.916
parallel_16bit,10,1.8,0.648,0.162,0.81
serial_2lane_24bit,10,3.3,3.2669999999999995,6.533999999999999,9.800999999999998
parallel_16bit,10,3.3,2.178,0.5445,2.7225
