proposal_index,pin_name,direction,domain,meaning,function_status,numbering_status,physical_package_pin,die_pad_instance
1,VIP,input,analog,差分输入正端；输入范围和驱动阻抗待模拟验证,existing_top_net;package_proposal,proposal_index_only_not_package_pin,,
2,VIN,input,analog,差分输入负端；不得当单端地,existing_top_net;package_proposal,proposal_index_only_not_package_pin,,
3,VREFP,input,reference,高参考输入；名义3.3V；外部去耦与参考动态电流待定,existing_top_net;package_proposal,proposal_index_only_not_package_pin,,
4,VREFN,input,reference,低参考输入；名义0V；独立回流/参考pin，不能仅靠数字地代替,existing_top_net;package_proposal,proposal_index_only_not_package_pin,,
5,VCM_SAMP,input,common_mode,采样共模；名义1.65V；对应VCM_165,existing_top_net;package_proposal,proposal_index_only_not_package_pin,,
6,VCM_AZ,input,common_mode,比较器AZ共模；名义0.9V；不与采样共模合并,existing_top_net;package_proposal,proposal_index_only_not_package_pin,,
7,VCM_AMP,input,common_mode,放大器共模；名义1.65V；独立可测，不预设可以与VCM_SAMP短接,existing_top_net;package_proposal,proposal_index_only_not_package_pin,,
8,VB,input,bias,既有PA/COMP_AZ偏置电压输入；外部可调；需要核定器件工作点和pad保护,OA_pin_exists;package_voltage_range_pending,proposal_index_only_not_package_pin,,
9,VBC,input,bias,既有PA/COMP_AZ第二偏置电压输入；外部可调；不能隐含与VB或VCM合并,OA_pin_exists;package_voltage_range_pending,proposal_index_only_not_package_pin,,
10,AVDD18_A,power,analog_1v8,模拟1.8V供电；SMIC18具体器件/IO耐压待核,package_proposal;physical_implementation_required,proposal_index_only_not_package_pin,,
11,AGND_A,power,analog_ground,模拟回流,package_proposal;physical_implementation_required,proposal_index_only_not_package_pin,,
12,AVDD33_SW,power,switch_3v3,采样/CDAC switch 3.3V供电；只能接核定厚氧/高压器件,package_proposal;physical_implementation_required,proposal_index_only_not_package_pin,,
13,AGND_SW,power,switch_ground,开关/参考瞬态回流；片内星点/隔离待版图定义,package_proposal;physical_implementation_required,proposal_index_only_not_package_pin,,
14,DVDD18_CORE,power,digital_1v8,数字core1.8V供电；历史DC名义工作电压,package_proposal;physical_implementation_required,proposal_index_only_not_package_pin,,
15,DGND_CORE,power,digital_ground,数字core回流,package_proposal;physical_implementation_required,proposal_index_only_not_package_pin,,
16,IOVDD,power,io_supply,真实SMIC18 pad/ESD库待选；IO电压与接收端共同定义，当前不承诺1.8V/3.3V兼容或速度,package_proposal;physical_implementation_required,proposal_index_only_not_package_pin,,
17,IOVSS,power,io_ground,I/O驱动和ESD回流,package_proposal;physical_implementation_required,proposal_index_only_not_package_pin,,
18,AVDD18_AUX,power,analog_1v8,与AVDD18_A同电源的辅助bond；位置按IR/EM/噪声确定,package_proposal;physical_implementation_required,proposal_index_only_not_package_pin,,
19,AGND_AUX,power,analog_ground,与AGND_A同域的辅助bond,package_proposal;physical_implementation_required,proposal_index_only_not_package_pin,,
20,DVDD18_AUX,power,digital_1v8,与DVDD18_CORE同电源的辅助bond,package_proposal;physical_implementation_required,proposal_index_only_not_package_pin,,
21,DGND_AUX,power,digital_ground,与DGND_CORE同域的辅助bond,package_proposal;physical_implementation_required,proposal_index_only_not_package_pin,,
22,CLK_SYS,input,digital_io,100MHz housekeeping/输出控制目标；历史core约束10ns；pad速度未知,existing_core_port;new_pad_required,proposal_index_only_not_package_pin,,
23,CLK_DEC,input,digital_io,bringup/test决策域clock输入；3ns为历史core/test条件，333.3MHz pad链/板级能力未核；正常运行的内部ready事件方案需重新定义CDC，不能直接绑READYN,existing_core_port;new_pad_required,proposal_index_only_not_package_pin,,
24,CNV,input,digital_io,5MS/s转换请求/采样触发目标；新相位控制和请求接受协议必须实现,new_function_required,proposal_index_only_not_package_pin,,
25,RST_N,input,digital_io,低有效系统复位；需各域同步释放；不能直接别名模拟RST/RSTT相位,existing_core_port;reset_adapter_required,proposal_index_only_not_package_pin,,
26,SPI_CS_N,input,digital_io,仅配置/校准命令/测试选择；低有效片选,new_function_required,proposal_index_only_not_package_pin,,
27,SPI_SCLK,input,digital_io,初期调试建议<=10MHz；SPI mode/CDC待实现,new_function_required,proposal_index_only_not_package_pin,,
28,SPI_MOSI,input,digital_io,仅配置与控制写入；不承担每秒5M样本,new_function_required,proposal_index_only_not_package_pin,,
29,SPI_MISO,output,digital_io,读status/weight/debug；CS_N无效时高阻需IO pad支持,new_function_required,proposal_index_only_not_package_pin,,
30,DOUT[0],output,digital_io,校准重构signed16输出bit0；不是raw_bits截断,new_reconstruction_and_output_required,proposal_index_only_not_package_pin,,
31,DOUT[1],output,digital_io,校准重构signed16输出bit1；不是raw_bits截断,new_reconstruction_and_output_required,proposal_index_only_not_package_pin,,
32,DOUT[2],output,digital_io,校准重构signed16输出bit2；不是raw_bits截断,new_reconstruction_and_output_required,proposal_index_only_not_package_pin,,
33,DOUT[3],output,digital_io,校准重构signed16输出bit3；不是raw_bits截断,new_reconstruction_and_output_required,proposal_index_only_not_package_pin,,
34,DOUT[4],output,digital_io,校准重构signed16输出bit4；不是raw_bits截断,new_reconstruction_and_output_required,proposal_index_only_not_package_pin,,
35,DOUT[5],output,digital_io,校准重构signed16输出bit5；不是raw_bits截断,new_reconstruction_and_output_required,proposal_index_only_not_package_pin,,
36,DOUT[6],output,digital_io,校准重构signed16输出bit6；不是raw_bits截断,new_reconstruction_and_output_required,proposal_index_only_not_package_pin,,
37,DOUT[7],output,digital_io,校准重构signed16输出bit7；不是raw_bits截断,new_reconstruction_and_output_required,proposal_index_only_not_package_pin,,
38,DOUT[8],output,digital_io,校准重构signed16输出bit8；不是raw_bits截断,new_reconstruction_and_output_required,proposal_index_only_not_package_pin,,
39,DOUT[9],output,digital_io,校准重构signed16输出bit9；不是raw_bits截断,new_reconstruction_and_output_required,proposal_index_only_not_package_pin,,
40,DOUT[10],output,digital_io,校准重构signed16输出bit10；不是raw_bits截断,new_reconstruction_and_output_required,proposal_index_only_not_package_pin,,
41,DOUT[11],output,digital_io,校准重构signed16输出bit11；不是raw_bits截断,new_reconstruction_and_output_required,proposal_index_only_not_package_pin,,
42,DOUT[12],output,digital_io,校准重构signed16输出bit12；不是raw_bits截断,new_reconstruction_and_output_required,proposal_index_only_not_package_pin,,
43,DOUT[13],output,digital_io,校准重构signed16输出bit13；不是raw_bits截断,new_reconstruction_and_output_required,proposal_index_only_not_package_pin,,
44,DOUT[14],output,digital_io,校准重构signed16输出bit14；不是raw_bits截断,new_reconstruction_and_output_required,proposal_index_only_not_package_pin,,
45,DOUT[15],output,digital_io,校准重构signed16输出bit15；不是raw_bits截断,new_reconstruction_and_output_required,proposal_index_only_not_package_pin,,
46,DCO,output,digital_io,源同步输出参考沿；目标每有效16bit样本一沿/5MHz frame,new_function_required,proposal_index_only_not_package_pin,,
47,DVALID,output,digital_io,在DCO参考沿标记16bit样本有效；校准/错误帧的规则待实现,new_function_required,proposal_index_only_not_package_pin,,
48,TEST_MODE,input,digital_io,板上默认拉低；高电平仅受控测试，结合SPI实现scan/debug访问,new_function_required,proposal_index_only_not_package_pin,,
