canonical_role,existing_analog_name,direction_at_analog_boundary,nominal_voltage_or_format,mapping_status,requirement
analog_input_p,VIP,input,around 1.65 V; differential range to verify,top_net_verified,Flash vin_p; main P-side sampler input; top TB contains sources and no formal pins
analog_input_n,VIN,input,around 1.65 V; differential range to verify,top_net_verified,Flash vin_n; main N-side sampler input
analog_supply_18,AVDD,power,1.8 V source,top_net_verified,Do not infer all cells tolerate VCM_Amp=1.65 V without operating-point checks
digital_supply_18,DVDD,power,1.8 V source,top_net_verified,SMIC18 backend requires TSMC18 reimplementation for a common physical process
switch_supply_33,AVDD_3.3,power,3.3 V source,top_net_verified,Sampling and CDAC drivers use this rail; core RTL is not a voltage-domain converter
analog_ground,AGND,power,0 V in TB,top_net_verified,Ground partition and package return not signed off
digital_ground,DGND,power,0 V in TB,top_net_verified,Do not silently replace all grounds with backend VSS in physical integration
reference_high,VREFP,input,3.3 V ideal source,top_net_verified,Reference impedance and dynamic power not included by ideal source assumption
reference_low,VREFN,input,0 V ideal source,top_net_verified,Reference loading and disturbance need simulation
sample_common_mode,VCM_165,input,1.65 V ideal source,top_net_verified,Distinct from comparator VCM_AZ input
az_common_mode,VCM,input,0.9 V ideal source,top_net_verified,COMP_AZ.VCM_AZ; not VCM_165
amplifier_common_mode,VCM_Amp,input,1.65 V ideal source,top_net_verified,Requires operating point and headroom verification
compare_positive,COMP,output,comparator differential output; logic threshold pending,polarity_pending,Candidate calib_comp_out / SRM bit only after P-N signed truth test
compare_negative,COMN,output,comparator complementary output,polarity_pending,Keep differential output names; do not map to raw N force
compare_event,READYN,output,generated comparator readiness event,timing_pending,Drives legacy CCLK; not automatically synchronous to backend dec_clk
calibration_positive_force,dac_p_force[19:0],input,20-bit abstract code from backend,adapter_missing,Needs ownership MUX; P-side bottom nodes BITD<1:20>; driver SET/RST truth and level shifting
calibration_negative_force,dac_n_force[19:0],input,20-bit abstract code from backend,adapter_missing,Needs ownership MUX; N-side bottom nodes BITU<1:20>; no direct gate connection
raw_physical_decisions,BITP<20:1> / BITN<20:1>,output,20 physical decisions; chosen polarity pending,capture_pending,Weight i uses physical branch i+1; capture after all phases; CDC and flash sign unverified
terminal_decision,BITP<0> / BITN<0>,output,extra SET<20> decision; no CDAC branch,role_pending,Do not truncate or merge without proving final quantization/residue role
srm_held_decisions,none,output,22 comparisons with fixed residue,missing,Need hold/arm/qualified valid and sample association; READYN alone is insufficient
srm_residue_result,srm_residue_o[9:0],input,signed Q8; output-LSB scale to align,reconstruction_missing,Legacy sar_reconstruction has no residue port; subtract before final rounding after scale/sign verification
global_digital_reset,rst_n,input,active-low logical reset,new_boundary_required,RST/RST1/RSTT/CLK0/CLK00 are analog phase pulses; none is an automatic alias
sampling_phases,CLKS;CLKSTOP;CLK_nt;sdc;RST;RST1,input,3.3 V ideal pulses,external_controller_required,Phase generator absent from backend auxiliary core
az_phase,CLKAZ,input,1.8 V ideal pulse,external_controller_required,Also clocks ideal Flash; paper needs SS/AZ timing coordinated
dac_top_phase,CLKDAC_top,input,1.8 V ideal pulse,external_controller_required,Separate from backend clk and dec_clk
sar_phase,CLK0;CLK00;RSTT,mixed,1.8 V and 3.3 V phase signals,explicit_level_map_required,Do not unify phase pulses with global digital reset
final_output,adc_dout[15:0],output,signed16 reconstructed code in text model,not_in_current_oa_top,Expected endpoint of redundant weighted reconstruction; not raw truncation
latch_clock,CLK,input,Generated by a gate supplied from internal 3.3 V V0,cross_voltage_unverified,CLK goes directly into COMP_AZ / 1.8 V latch clock transistor gates; verify level conversion and device voltage limits
latch_complement_clock,CLKn,input,No active top driver found,undriven_in_current_top,Only COMP_AZ instance terminal connects this top net; add and verify complementary phase generation before simulation acceptance
