weight_index,paper_cap,paper_relative_cap_units,p_top_node,p_bottom_node_oa,n_top_node,n_bottom_node_oa,legacy_logic_index,legacy_set_index,raw_polarity_status
0,C0,1,P,BITD<1>,N,BITU<1>,1,19,physical_index_verified;raw_bit_sign_pending
1,C1,2,P,BITD<2>,N,BITU<2>,2,18,physical_index_verified;raw_bit_sign_pending
2,C2,4,P,BITD<3>,N,BITU<3>,3,17,physical_index_verified;raw_bit_sign_pending
3,C3,8,P,BITD<4>,N,BITU<4>,4,16,physical_index_verified;raw_bit_sign_pending
4,C4,16,P,BITD<5>,N,BITU<5>,5,15,physical_index_verified;raw_bit_sign_pending
5,C5,32,P,BITD<6>,N,BITU<6>,6,14,physical_index_verified;raw_bit_sign_pending
6,C6,2,P,BITD<7>,N,BITU<7>,7,13,physical_index_verified;raw_bit_sign_pending
7,C7,4,P,BITD<8>,N,BITU<8>,8,12,physical_index_verified;raw_bit_sign_pending
8,C8,8,P,BITD<9>,N,BITU<9>,9,11,physical_index_verified;raw_bit_sign_pending
9,C9,16,P,BITD<10>,N,BITU<10>,10,10,physical_index_verified;raw_bit_sign_pending
10,C10,2,P,BITD<11>,N,BITU<11>,11,9,physical_index_verified;raw_bit_sign_pending
11,C11,2,P,BITD<12>,N,BITU<12>,12,8,physical_index_verified;raw_bit_sign_pending
12,C12,4,P,BITD<13>,N,BITU<13>,13,7,physical_index_verified;raw_bit_sign_pending
13,C13,8,P,BITD<14>,N,BITU<14>,14,6,physical_index_verified;raw_bit_sign_pending
14,C14,16,P,BITD<15>,N,BITU<15>,15,5,physical_index_verified;raw_bit_sign_pending
15,C15,8,P,BITD<16>,N,BITU<16>,16,4,physical_index_verified;raw_bit_sign_pending
16,C16,8,P,BITD<17>,N,BITU<17>,17,3,physical_index_verified;raw_bit_sign_pending
17,C17,16,P,BITD<18>,N,BITU<18>,18,2,physical_index_verified;raw_bit_sign_pending
18,C18,32,P,BITD<19>,N,BITU<19>,19,1,physical_index_verified;raw_bit_sign_pending
19,C19,64,P,BITD<20>,N,BITU<20>,20,0,physical_index_verified;raw_bit_sign_pending
