canonical_position_1based,kind,group,verilog_name,oa_alias,group_width,group_signed,bit_index,direction,domain,source_cdl_position_1based,extracted_sp_position_1based,source_cdl_supply_mode
1,signal,clk,clk,clk,1,0,,input,clock_source,1,1,
2,signal,dec_clk,dec_clk,dec_clk,1,0,,input,clock_source,2,178,
3,signal,rst_n,rst_n,rst_n,1,0,,input,async_reset_both_domains,3,177,
4,signal,start_calib,start_calib,start_calib,1,0,,input,clk,4,83,
5,signal,calib_comp_out,calib_comp_out,calib_comp_out,1,0,,input,async_into_clk_2ff,5,176,
6,signal,calib_done,calib_done,calib_done,1,0,,output,clk,6,138,
7,signal,calib_done_pulse,calib_done_pulse,calib_done_pulse,1,0,,output,clk,7,175,
8,signal,calib_mode_en,calib_mode_en,calib_mode_en,1,0,,output,clk,8,84,
9,signal,dac_p_force,dac_p_force[19],dac_p_force<19>,20,0,19,output,clk_derived_combinational,9,174,
10,signal,dac_p_force,dac_p_force[18],dac_p_force<18>,20,0,18,output,clk_derived_combinational,10,173,
11,signal,dac_p_force,dac_p_force[17],dac_p_force<17>,20,0,17,output,clk_derived_combinational,11,172,
12,signal,dac_p_force,dac_p_force[16],dac_p_force<16>,20,0,16,output,clk_derived_combinational,12,171,
13,signal,dac_p_force,dac_p_force[15],dac_p_force<15>,20,0,15,output,clk_derived_combinational,13,170,
14,signal,dac_p_force,dac_p_force[14],dac_p_force<14>,20,0,14,output,clk_derived_combinational,14,169,
15,signal,dac_p_force,dac_p_force[13],dac_p_force<13>,20,0,13,output,clk_derived_combinational,15,168,
16,signal,dac_p_force,dac_p_force[12],dac_p_force<12>,20,0,12,output,clk_derived_combinational,16,167,
17,signal,dac_p_force,dac_p_force[11],dac_p_force<11>,20,0,11,output,clk_derived_combinational,17,166,
18,signal,dac_p_force,dac_p_force[10],dac_p_force<10>,20,0,10,output,clk_derived_combinational,18,165,
19,signal,dac_p_force,dac_p_force[9],dac_p_force<9>,20,0,9,output,clk_derived_combinational,19,164,
20,signal,dac_p_force,dac_p_force[8],dac_p_force<8>,20,0,8,output,clk_derived_combinational,20,163,
21,signal,dac_p_force,dac_p_force[7],dac_p_force<7>,20,0,7,output,clk_derived_combinational,21,162,
22,signal,dac_p_force,dac_p_force[6],dac_p_force<6>,20,0,6,output,clk_derived_combinational,22,161,
23,signal,dac_p_force,dac_p_force[5],dac_p_force<5>,20,0,5,output,clk_derived_combinational,23,160,
24,signal,dac_p_force,dac_p_force[4],dac_p_force<4>,20,0,4,output,clk_derived_combinational,24,159,
25,signal,dac_p_force,dac_p_force[3],dac_p_force<3>,20,0,3,output,clk_derived_combinational,25,158,
26,signal,dac_p_force,dac_p_force[2],dac_p_force<2>,20,0,2,output,clk_derived_combinational,26,157,
27,signal,dac_p_force,dac_p_force[1],dac_p_force<1>,20,0,1,output,clk_derived_combinational,27,156,
28,signal,dac_p_force,dac_p_force[0],dac_p_force<0>,20,0,0,output,clk_derived_combinational,28,155,
29,signal,dac_n_force,dac_n_force[19],dac_n_force<19>,20,0,19,output,clk_derived_combinational,29,154,
30,signal,dac_n_force,dac_n_force[18],dac_n_force<18>,20,0,18,output,clk_derived_combinational,30,153,
31,signal,dac_n_force,dac_n_force[17],dac_n_force<17>,20,0,17,output,clk_derived_combinational,31,152,
32,signal,dac_n_force,dac_n_force[16],dac_n_force<16>,20,0,16,output,clk_derived_combinational,32,151,
33,signal,dac_n_force,dac_n_force[15],dac_n_force<15>,20,0,15,output,clk_derived_combinational,33,150,
34,signal,dac_n_force,dac_n_force[14],dac_n_force<14>,20,0,14,output,clk_derived_combinational,34,149,
35,signal,dac_n_force,dac_n_force[13],dac_n_force<13>,20,0,13,output,clk_derived_combinational,35,148,
36,signal,dac_n_force,dac_n_force[12],dac_n_force<12>,20,0,12,output,clk_derived_combinational,36,147,
37,signal,dac_n_force,dac_n_force[11],dac_n_force<11>,20,0,11,output,clk_derived_combinational,37,146,
38,signal,dac_n_force,dac_n_force[10],dac_n_force<10>,20,0,10,output,clk_derived_combinational,38,145,
39,signal,dac_n_force,dac_n_force[9],dac_n_force<9>,20,0,9,output,clk_derived_combinational,39,144,
40,signal,dac_n_force,dac_n_force[8],dac_n_force<8>,20,0,8,output,clk_derived_combinational,40,143,
41,signal,dac_n_force,dac_n_force[7],dac_n_force<7>,20,0,7,output,clk_derived_combinational,41,142,
42,signal,dac_n_force,dac_n_force[6],dac_n_force<6>,20,0,6,output,clk_derived_combinational,42,141,
43,signal,dac_n_force,dac_n_force[5],dac_n_force<5>,20,0,5,output,clk_derived_combinational,43,140,
44,signal,dac_n_force,dac_n_force[4],dac_n_force<4>,20,0,4,output,clk_derived_combinational,44,139,
45,signal,dac_n_force,dac_n_force[3],dac_n_force<3>,20,0,3,output,clk_derived_combinational,45,30,
46,signal,dac_n_force,dac_n_force[2],dac_n_force<2>,20,0,2,output,clk_derived_combinational,46,27,
47,signal,dac_n_force,dac_n_force[1],dac_n_force<1>,20,0,1,output,clk_derived_combinational,47,26,
48,signal,dac_n_force,dac_n_force[0],dac_n_force<0>,20,0,0,output,clk_derived_combinational,48,25,
49,signal,calib_overrange,calib_overrange,calib_overrange,1,0,,output,clk,49,24,
50,signal,calib_overrange_bits,calib_overrange_bits[19],calib_overrange_bits<19>,20,0,19,output,clk,50,53,
51,signal,calib_overrange_bits,calib_overrange_bits[18],calib_overrange_bits<18>,20,0,18,output,clk,51,49,
52,signal,calib_overrange_bits,calib_overrange_bits[17],calib_overrange_bits<17>,20,0,17,output,clk,52,51,
53,signal,calib_overrange_bits,calib_overrange_bits[16],calib_overrange_bits<16>,20,0,16,output,clk,53,48,
54,signal,calib_overrange_bits,calib_overrange_bits[15],calib_overrange_bits<15>,20,0,15,output,clk,54,52,
55,signal,calib_overrange_bits,calib_overrange_bits[14],calib_overrange_bits<14>,20,0,14,output,clk,55,50,
56,signal,calib_overrange_bits,calib_overrange_bits[13],calib_overrange_bits<13>,20,0,13,output,clk,56,54,
57,signal,calib_overrange_bits,calib_overrange_bits[12],calib_overrange_bits<12>,20,0,12,output,clk,57,59,
58,signal,calib_overrange_bits,calib_overrange_bits[11],calib_overrange_bits<11>,20,0,11,output,clk,58,60,
59,signal,calib_overrange_bits,calib_overrange_bits[10],calib_overrange_bits<10>,20,0,10,output,clk,59,61,
60,signal,calib_overrange_bits,calib_overrange_bits[9],calib_overrange_bits<9>,20,0,9,output,clk,60,62,
61,signal,calib_overrange_bits,calib_overrange_bits[8],calib_overrange_bits<8>,20,0,8,output,clk,61,63,
62,signal,calib_overrange_bits,calib_overrange_bits[7],calib_overrange_bits<7>,20,0,7,output,clk,62,57,
63,signal,calib_overrange_bits,calib_overrange_bits[6],calib_overrange_bits<6>,20,0,6,output,clk,63,73,
64,signal,calib_overrange_bits,calib_overrange_bits[5],calib_overrange_bits<5>,20,0,5,output,clk,64,72,
65,signal,calib_overrange_bits,calib_overrange_bits[4],calib_overrange_bits<4>,20,0,4,output,clk,65,70,
66,signal,calib_overrange_bits,calib_overrange_bits[3],calib_overrange_bits<3>,20,0,3,output,clk,66,71,
67,signal,calib_overrange_bits,calib_overrange_bits[2],calib_overrange_bits<2>,20,0,2,output,clk,67,69,
68,signal,calib_overrange_bits,calib_overrange_bits[1],calib_overrange_bits<1>,20,0,1,output,clk,68,103,
69,signal,calib_overrange_bits,calib_overrange_bits[0],calib_overrange_bits<0>,20,0,0,output,clk,69,102,
70,signal,data_valid_i,data_valid_i,data_valid_i,1,0,,input,clk,70,101,
71,signal,raw_bits_i,raw_bits_i[19],raw_bits_i<19>,20,0,19,input,clk,71,100,
72,signal,raw_bits_i,raw_bits_i[18],raw_bits_i<18>,20,0,18,input,clk,72,99,
73,signal,raw_bits_i,raw_bits_i[17],raw_bits_i<17>,20,0,17,input,clk,73,98,
74,signal,raw_bits_i,raw_bits_i[16],raw_bits_i<16>,20,0,16,input,clk,74,111,
75,signal,raw_bits_i,raw_bits_i[15],raw_bits_i<15>,20,0,15,input,clk,75,110,
76,signal,raw_bits_i,raw_bits_i[14],raw_bits_i<14>,20,0,14,input,clk,76,109,
77,signal,raw_bits_i,raw_bits_i[13],raw_bits_i<13>,20,0,13,input,clk,77,108,
78,signal,raw_bits_i,raw_bits_i[12],raw_bits_i<12>,20,0,12,input,clk,78,107,
79,signal,raw_bits_i,raw_bits_i[11],raw_bits_i<11>,20,0,11,input,clk,79,123,
80,signal,raw_bits_i,raw_bits_i[10],raw_bits_i<10>,20,0,10,input,clk,80,122,
81,signal,raw_bits_i,raw_bits_i[9],raw_bits_i<9>,20,0,9,input,clk,81,121,
82,signal,raw_bits_i,raw_bits_i[8],raw_bits_i<8>,20,0,8,input,clk,82,120,
83,signal,raw_bits_i,raw_bits_i[7],raw_bits_i<7>,20,0,7,input,clk,83,119,
84,signal,raw_bits_i,raw_bits_i[6],raw_bits_i<6>,20,0,6,input,clk,84,118,
85,signal,raw_bits_i,raw_bits_i[5],raw_bits_i<5>,20,0,5,input,clk,85,130,
86,signal,raw_bits_i,raw_bits_i[4],raw_bits_i<4>,20,0,4,input,clk,86,129,
87,signal,raw_bits_i,raw_bits_i[3],raw_bits_i<3>,20,0,3,input,clk,87,82,
88,signal,raw_bits_i,raw_bits_i[2],raw_bits_i<2>,20,0,2,input,clk,88,128,
89,signal,raw_bits_i,raw_bits_i[1],raw_bits_i<1>,20,0,1,input,clk,89,137,
90,signal,raw_bits_i,raw_bits_i[0],raw_bits_i<0>,20,0,0,input,clk,90,136,
91,signal,raw_code_o,raw_code_o[19],raw_code_o<19>,20,0,19,output,clk,91,44,
92,signal,raw_code_o,raw_code_o[18],raw_code_o<18>,20,0,18,output,clk,92,135,
93,signal,raw_code_o,raw_code_o[17],raw_code_o<17>,20,0,17,output,clk,93,42,
94,signal,raw_code_o,raw_code_o[16],raw_code_o<16>,20,0,16,output,clk,94,43,
95,signal,raw_code_o,raw_code_o[15],raw_code_o<15>,20,0,15,output,clk,95,40,
96,signal,raw_code_o,raw_code_o[14],raw_code_o<14>,20,0,14,output,clk,96,39,
97,signal,raw_code_o,raw_code_o[13],raw_code_o<13>,20,0,13,output,clk,97,34,
98,signal,raw_code_o,raw_code_o[12],raw_code_o<12>,20,0,12,output,clk,98,38,
99,signal,raw_code_o,raw_code_o[11],raw_code_o<11>,20,0,11,output,clk,99,36,
100,signal,raw_code_o,raw_code_o[10],raw_code_o<10>,20,0,10,output,clk,100,31,
101,signal,raw_code_o,raw_code_o[9],raw_code_o<9>,20,0,9,output,clk,101,29,
102,signal,raw_code_o,raw_code_o[8],raw_code_o<8>,20,0,8,output,clk,102,37,
103,signal,raw_code_o,raw_code_o[7],raw_code_o<7>,20,0,7,output,clk,103,33,
104,signal,raw_code_o,raw_code_o[6],raw_code_o<6>,20,0,6,output,clk,104,28,
105,signal,raw_code_o,raw_code_o[5],raw_code_o<5>,20,0,5,output,clk,105,41,
106,signal,raw_code_o,raw_code_o[4],raw_code_o<4>,20,0,4,output,clk,106,35,
107,signal,raw_code_o,raw_code_o[3],raw_code_o<3>,20,0,3,output,clk,107,22,
108,signal,raw_code_o,raw_code_o[2],raw_code_o<2>,20,0,2,output,clk,108,32,
109,signal,raw_code_o,raw_code_o[1],raw_code_o<1>,20,0,1,output,clk,109,23,
110,signal,raw_code_o,raw_code_o[0],raw_code_o<0>,20,0,0,output,clk,110,21,
111,signal,raw_code_valid_o,raw_code_valid_o,raw_code_valid_o,1,0,,output,clk,111,20,
112,signal,w_wr_en,w_wr_en,w_wr_en,1,0,,output,clk,112,19,
113,signal,w_wr_addr,w_wr_addr[4],w_wr_addr<4>,5,0,4,output,clk,113,18,
114,signal,w_wr_addr,w_wr_addr[3],w_wr_addr<3>,5,0,3,output,clk,114,17,
115,signal,w_wr_addr,w_wr_addr[2],w_wr_addr<2>,5,0,2,output,clk,115,15,
116,signal,w_wr_addr,w_wr_addr[1],w_wr_addr<1>,5,0,1,output,clk,116,134,
117,signal,w_wr_addr,w_wr_addr[0],w_wr_addr<0>,5,0,0,output,clk,117,47,
118,signal,w_wr_data,w_wr_data[29],w_wr_data<29>,30,1,29,output,clk,118,11,
119,signal,w_wr_data,w_wr_data[28],w_wr_data<28>,30,1,28,output,clk,119,7,
120,signal,w_wr_data,w_wr_data[27],w_wr_data<27>,30,1,27,output,clk,120,13,
121,signal,w_wr_data,w_wr_data[26],w_wr_data<26>,30,1,26,output,clk,121,9,
122,signal,w_wr_data,w_wr_data[25],w_wr_data<25>,30,1,25,output,clk,122,10,
123,signal,w_wr_data,w_wr_data[24],w_wr_data<24>,30,1,24,output,clk,123,12,
124,signal,w_wr_data,w_wr_data[23],w_wr_data<23>,30,1,23,output,clk,124,3,
125,signal,w_wr_data,w_wr_data[22],w_wr_data<22>,30,1,22,output,clk,125,6,
126,signal,w_wr_data,w_wr_data[21],w_wr_data<21>,30,1,21,output,clk,126,14,
127,signal,w_wr_data,w_wr_data[20],w_wr_data<20>,30,1,20,output,clk,127,2,
128,signal,w_wr_data,w_wr_data[19],w_wr_data<19>,30,1,19,output,clk,128,5,
129,signal,w_wr_data,w_wr_data[18],w_wr_data<18>,30,1,18,output,clk,129,16,
130,signal,w_wr_data,w_wr_data[17],w_wr_data<17>,30,1,17,output,clk,130,8,
131,signal,w_wr_data,w_wr_data[16],w_wr_data<16>,30,1,16,output,clk,131,133,
132,signal,w_wr_data,w_wr_data[15],w_wr_data<15>,30,1,15,output,clk,132,131,
133,signal,w_wr_data,w_wr_data[14],w_wr_data<14>,30,1,14,output,clk,133,90,
134,signal,w_wr_data,w_wr_data[13],w_wr_data<13>,30,1,13,output,clk,134,89,
135,signal,w_wr_data,w_wr_data[12],w_wr_data<12>,30,1,12,output,clk,135,88,
136,signal,w_wr_data,w_wr_data[11],w_wr_data<11>,30,1,11,output,clk,136,87,
137,signal,w_wr_data,w_wr_data[10],w_wr_data<10>,30,1,10,output,clk,137,86,
138,signal,w_wr_data,w_wr_data[9],w_wr_data<9>,30,1,9,output,clk,138,85,
139,signal,w_wr_data,w_wr_data[8],w_wr_data<8>,30,1,8,output,clk,139,96,
140,signal,w_wr_data,w_wr_data[7],w_wr_data<7>,30,1,7,output,clk,140,95,
141,signal,w_wr_data,w_wr_data[6],w_wr_data<6>,30,1,6,output,clk,141,94,
142,signal,w_wr_data,w_wr_data[5],w_wr_data<5>,30,1,5,output,clk,142,93,
143,signal,w_wr_data,w_wr_data[4],w_wr_data<4>,30,1,4,output,clk,143,92,
144,signal,w_wr_data,w_wr_data[3],w_wr_data<3>,30,1,3,output,clk,144,91,
145,signal,w_wr_data,w_wr_data[2],w_wr_data<2>,30,1,2,output,clk,145,4,
146,signal,w_wr_data,w_wr_data[1],w_wr_data<1>,30,1,1,output,clk,146,97,
147,signal,w_wr_data,w_wr_data[0],w_wr_data<0>,30,1,0,output,clk,147,46,
148,signal,srm_start,srm_start,srm_start,1,0,,input,clk,148,56,
149,signal,srm_decision_valid,srm_decision_valid,srm_decision_valid,1,0,,input,dec_clk,149,58,
150,signal,srm_decision_bit,srm_decision_bit,srm_decision_bit,1,0,,input,dec_clk,150,55,
151,signal,residue_consume_i,residue_consume_i,residue_consume_i,1,0,,input,clk,151,68,
152,signal,srm_busy,srm_busy,srm_busy,1,0,,output,clk,152,66,
153,signal,srm_done,srm_done,srm_done,1,0,,output,clk,153,67,
154,signal,srm_residue_valid,srm_residue_valid,srm_residue_valid,1,0,,output,clk,154,64,
155,signal,srm_ones_count,srm_ones_count[4],srm_ones_count<4>,5,0,4,output,clk,155,65,
156,signal,srm_ones_count,srm_ones_count[3],srm_ones_count<3>,5,0,3,output,clk,156,79,
157,signal,srm_ones_count,srm_ones_count[2],srm_ones_count<2>,5,0,2,output,clk,157,78,
158,signal,srm_ones_count,srm_ones_count[1],srm_ones_count<1>,5,0,1,output,clk,158,76,
159,signal,srm_ones_count,srm_ones_count[0],srm_ones_count<0>,5,0,0,output,clk,159,75,
160,signal,srm_total_count,srm_total_count[4],srm_total_count<4>,5,0,4,output,clk,160,77,
161,signal,srm_total_count,srm_total_count[3],srm_total_count<3>,5,0,3,output,clk,161,74,
162,signal,srm_total_count,srm_total_count[2],srm_total_count<2>,5,0,2,output,clk,162,106,
163,signal,srm_total_count,srm_total_count[1],srm_total_count<1>,5,0,1,output,clk,163,105,
164,signal,srm_total_count,srm_total_count[0],srm_total_count<0>,5,0,0,output,clk,164,104,
165,signal,srm_count_shortfall,srm_count_shortfall,srm_count_shortfall,1,0,,output,clk,165,81,
166,signal,srm_stalled,srm_stalled,srm_stalled,1,0,,output,clk,166,80,
167,signal,srm_residue_o,srm_residue_o[9],srm_residue_o<9>,10,1,9,output,clk,167,117,
168,signal,srm_residue_o,srm_residue_o[8],srm_residue_o<8>,10,1,8,output,clk,168,116,
169,signal,srm_residue_o,srm_residue_o[7],srm_residue_o<7>,10,1,7,output,clk,169,115,
170,signal,srm_residue_o,srm_residue_o[6],srm_residue_o<6>,10,1,6,output,clk,170,114,
171,signal,srm_residue_o,srm_residue_o[5],srm_residue_o<5>,10,1,5,output,clk,171,113,
172,signal,srm_residue_o,srm_residue_o[4],srm_residue_o<4>,10,1,4,output,clk,172,112,
173,signal,srm_residue_o,srm_residue_o[3],srm_residue_o<3>,10,1,3,output,clk,173,127,
174,signal,srm_residue_o,srm_residue_o[2],srm_residue_o<2>,10,1,2,output,clk,174,126,
175,signal,srm_residue_o,srm_residue_o[1],srm_residue_o<1>,10,1,1,output,clk,175,125,
176,signal,srm_residue_o,srm_residue_o[0],srm_residue_o<0>,10,1,0,output,clk,176,124,
177,power,VDD,VDD,VDD,1,0,,power,power,,45,global
178,power,VSS,VSS,VSS,1,0,,power,power,,132,global
